<?xml version="1.0" encoding="UTF-8"?>
<!DOCTYPE suite SYSTEM "https://testng.org/testng-1.0.dtd">
<suite name="Suite">
	<groups>
		<run>
			<include name="reg"></include>
			<exclude name="smoke"></exclude>
		</run>
	</groups>
	<listeners>
		<listener class-name="com.generalStore.Listeners"></listener>
	</listeners>
	<test thread-count="5" name="Test">
		<classes>
			<class name="com.generalStore.EcommerceAppTesting" />
			<class name="com.generalStore.EcommerceAppTesting2" />
		</classes>
	</test> <!-- Test -->
</suite> <!-- Suite -->
